mutation_id,sample,protein,protein_id,protein_source,position,position_nt,aa_ref,aa_mut,impact,severity,blosum,grantham,p_accept,flags,sequence_context
NM_000546.6_001,5,région non annotée,non_annotée,non_annotée,56,168,*,Y,critique,2,-4.0,0.0,0.0474258731775667,stop_perdu,PGHCHGGAAVRS*RRAPSESGNIFR
NM_000546.6_002,2,région non annotée,non_annotée,non_annotée,98,294,*,W,critique,2,-4.0,0.0,0.0474258731775667,stop_perdu,SNG*FDAVPGRY*TMVH*RPRSR*S
NM_000546.6_003,4,région non annotée,non_annotée,non_annotée,195,584,*,S,critique,2,-4.0,0.0,0.0153995939605232,stop_perdu,PTGQDLPCAAVG*FHTPARHPRPRH
NM_000546.6_004,5,région non annotée,non_annotée,non_annotée,255,764,*,S,critique,2,-4.0,0.0,0.0153995939605232,"stop_perdu,accept_forcé",PSGRKFACGVFG*QKHFST*CGGAL
NM_000546.6_005,1,région non annotée,non_annotée,non_annotée,286,857,*,S,critique,2,-4.0,0.0,0.0153995939605232,"stop_perdu,accept_forcé",L*LYHHPLQLHV*QFLHGRHEPEAH
NM_000546.6_006,2,région non annotée,non_annotée,non_annotée,286,858,*,Y,critique,2,-4.0,0.0,0.0474258731775667,stop_perdu,L*LYHHPLQLHV*QFLHGRHEPEAH
NM_000546.6_007,1,région non annotée,non_annotée,non_annotée,318,953,*,S,critique,2,-4.0,0.0,0.0153995939605232,"stop_perdu,accept_forcé",RLQW*STGTEQL*GACLCLSWERPA
NM_000546.6_008,2,région non annotée,non_annotée,non_annotée,352,1054,*,K,critique,2,-4.0,0.0,0.0474258731775667,stop_perdu,RGASPRAAPREH*ASTAQQHQLLSP
NM_000546.6_009,5,région non annotée,non_annotée,non_annotée,428,1283,*,S,critique,2,-4.0,0.0,0.0153995939605232,"stop_perdu,accept_forcé",PEVQKGSVYLPP*KTHVQDRRA*LR
NM_000546.6_010,3,région non annotée,non_annotée,non_annotée,517,1550,*,S,critique,2,-4.0,0.0,0.0153995939605232,stop_perdu,RRMGSRTYQLRF*GFYCEGCLGDVR
NM_000546.6_011,1,région non annotée,non_annotée,non_annotée,537,1610,*,W,critique,2,-4.0,0.0,0.0474258731775667,"stop_perdu,accept_forcé",LGDVRNVLAVKG*FTISHILGRGPL
NM_000546.6_012,2,région non annotée,non_annotée,non_annotée,565,1695,*,Y,critique,2,-4.0,0.0,0.0474258731775667,stop_perdu,NQGSCPSLLNFL*LQGPYL*NAGIC
NM_000546.6_013,2,région non annotée,non_annotée,non_annotée,596,1788,*,C,critique,2,-4.0,0.0,0.0350334717870473,stop_perdu,IVRVNEIMYIWP*NHLLLHGV*NLT
NM_000546.6_014,3,région non annotée,non_annotée,non_annotée,596,1788,*,W,critique,2,-4.0,0.0,0.0474258731775667,stop_perdu,IVRVNEIMYIWP*NHLLLHGV*NLT
NM_000546.6_015,2,région non annotée,non_annotée,non_annotée,605,1814,*,L,critique,2,-4.0,0.0,0.0187065099543546,stop_perdu,IWP*NHLLLHGV*NLTPLRVLVPSP
NM_000546.6_016,4,région non annotée,non_annotée,non_annotée,833,2498,*,L,critique,2,-4.0,0.0,0.0116584165548331,stop_perdu,YIPFLYRSLILQ*NFAA
NM_000546.6_017,5,région non annotée,non_annotée,non_annotée,833,2497,*,E,critique,2,-4.0,0.0,0.0417530374175819,stop_perdu,YIPFLYRSLILQ*NFAA
NM_000546.6_018,2,région non annotée,non_annotée,non_annotée,199,596,P,L,critique,2,-3.0,98.0,0.1192029220221175,proline_perdue,DLPCAAVG*FHTPARHPRPRHGHLQ
NM_000546.6_019,2,région non annotée,non_annotée,non_annotée,295,884,P,L,critique,2,-3.0,98.0,0.0717575422637513,proline_perdue,LHV*QFLHGRHEPEAHPHHHHTGRL
NM_000546.6_020,5,région non annotée,non_annotée,non_annotée,617,1850,P,L,critique,2,-3.0,98.0,0.1192029220221175,proline_perdue,*NLTPLRVLVPSPCWSVGW*FLQLG
NM_000546.6_021,4,région non annotée,non_annotée,non_annotée,789,2365,C,R,critique,2,-3.0,180.0,0.0426512521309428,cysteine_perdue,TCLSLPECWDYNCEPPRPAGRVNIF
NM_000546.6_022,4,région non annotée,non_annotée,non_annotée,794,2381,P,L,critique,2,-3.0,98.0,0.0310684841596674,proline_perdue,PECWDYNCEPPRPAGRVNIFYILQA
NM_000546.6_023,2,région non annotée,non_annotée,non_annotée,133,398,C,Y,critique,2,-2.0,194.0,0.2689414213699951,cysteine_perdue,GPCTSSSYTGGPCTSPLLAPVIFCP
NM_000546.6_024,4,région non annotée,non_annotée,non_annotée,147,440,P,R,critique,2,-2.0,103.0,0.1080215613434191,proline_perdue,SPLLAPVIFCPFPENLPGQLRFPSG
NM_000546.6_025,5,région non annotée,non_annotée,non_annotée,220,659,C,Y,critique,2,-2.0,194.0,0.1908580442448654,cysteine_perdue,GHLQAVTAHDGGCEALPPP*ALLR*
NM_000546.6_026,3,région non annotée,non_annotée,non_annotée,377,1130,P,R,critique,2,-2.0,103.0,0.1080215613434191,proline_perdue,AKEETTGWRIFHPSDPWA*ALRDVP
NM_000546.6_027,5,région non annotée,non_annotée,non_annotée,460,1379,P,H,critique,2,-2.0,77.0,0.2689414213699951,proline_perdue,SPLTASHPHLSLPCHFGFWVFEPLL
NM_000546.6_028,5,région non annotée,non_annotée,non_annotée,500,1499,C,Y,critique,2,-2.0,194.0,0.1908580442448654,cysteine_perdue,SRGSTEQVGLHWCFVVGRRMGSRTY
NM_000546.6_029,5,région non annotée,non_annotée,non_annotée,557,1670,C,F,critique,2,-2.0,205.0,0.2689414213699951,cysteine_perdue,GRGPLHRTNQGSCPSLLNFL*LQGP
NM_000546.6_030,5,région non annotée,non_annotée,non_annotée,647,1940,C,Y,critique,2,-2.0,194.0,0.1908580442448654,cysteine_perdue,GSCQVSAGPAKPCLTTSW*TLVPKR
NM_000546.6_031,3,région non annotée,non_annotée,non_annotée,753,2259,C,W,critique,2,-2.0,215.0,0.2689414213699951,cysteine_perdue,DHRFMPPWPANFCMFCRDGVSQCCP
NM_000546.6_032,3,région non annotée,non_annotée,non_annotée,778,2333,C,Y,critique,2,-2.0,194.0,0.1908580442448654,cysteine_perdue,GWSQTPGLRRSTCLSLPECWDYNCE
NM_000546.6_033,3,région non annotée,non_annotée,non_annotée,819,2456,P,R,critique,2,-2.0,103.0,0.1080215613434191,proline_perdue,HLHFHPTLPLLLPFYIPFLYRSLIL
NM_000546.6_034,1,région non annotée,non_annotée,non_annotée,6,17,P,Q,critique,2,-1.0,76.0,0.5,proline_perdue,LKSLEPPSREQVAAGLRG
NM_000546.6_035,2,région non annotée,non_annotée,non_annotée,6,16,P,S,critique,2,-1.0,74.0,0.2390500328823659,proline_perdue,LKSLEPPSREQVAAGLRG
NM_000546.6_036,5,région non annotée,non_annotée,non_annotée,27,79,C,S,critique,2,-1.0,112.0,0.3471526025407285,cysteine_perdue,GLRGHFAFGLGACFPRR*HASLDWQ
NM_000546.6_037,1,région non annotée,non_annotée,non_annotée,40,118,P,T,critique,2,-1.0,38.0,0.32865254651727,proline_perdue,FPRR*HASLDWQPDCLPGHCHGGAA
NM_000546.6_038,4,région non annotée,non_annotée,non_annotée,85,253,P,T,critique,2,-1.0,38.0,0.32865254651727,proline_perdue,TS*KQRSVPLAVPSNG*FDAVPGRY
NM_000546.6_039,4,région non annotée,non_annotée,non_annotée,85,254,P,K,critique,2,-1.0,103.0,0.5,proline_perdue,TS*KQRSVPLAVPSNG*FDAVPGRY
NM_000546.6_040,5,région non annotée,non_annotée,non_annotée,117,350,C,S,critique,2,-1.0,112.0,0.5,cysteine_perdue,PRSR*SSQNARGCSPRGPCTSSSYT
NM_000546.6_041,5,région non annotée,non_annotée,non_annotée,147,439,P,T,critique,2,-1.0,38.0,0.32865254651727,proline_perdue,SPLLAPVIFCPFPENLPGQLRFPSG
NM_000546.6_042,1,région non annotée,non_annotée,non_annotée,226,677,P,Q,critique,2,-1.0,76.0,0.5,proline_perdue,TAHDGGCEALPPP*ALLR*RWSGPS
NM_000546.6_043,5,région non annotée,non_annotée,non_annotée,243,728,P,Q,critique,2,-1.0,76.0,0.4762084564986188,proline_perdue,R*RWSGPSSASYPSGRKFACGVFG*
NM_000546.6_044,3,région non annotée,non_annotée,non_annotée,280,839,P,Q,critique,2,-1.0,76.0,0.5,proline_perdue,*AA*GWL*LYHHPLQLHV*QFLHGR
NM_000546.6_045,2,région non annotée,non_annotée,non_annotée,321,961,C,S,critique,2,-1.0,112.0,0.1863832778737279,cysteine_perdue,W*STGTEQL*GACLCLSWERPAHRG
NM_000546.6_046,1,région non annotée,non_annotée,non_annotée,337,1010,P,Q,critique,2,-1.0,76.0,0.4762084564986188,proline_perdue,SWERPAHRGRESPQERGASPRAAPR
NM_000546.6_047,4,région non annotée,non_annotée,non_annotée,400,1198,C,S,critique,2,-1.0,112.0,0.3471526025407285,cysteine_perdue,VPRAE*GLGTQGCPGWEGARGEQGS
NM_000546.6_048,3,région non annotée,non_annotée,non_annotée,415,1244,P,Q,critique,2,-1.0,76.0,0.5,proline_perdue,WEGARGEQGSLQPPEVQKGSVYLPP
NM_000546.6_049,2,région non annotée,non_annotée,non_annotée,416,1246,P,S,critique,2,-1.0,74.0,0.4217022267039683,proline_perdue,EGARGEQGSLQPPEVQKGSVYLPP*
NM_000546.6_050,5,région non annotée,non_annotée,non_annotée,426,1276,P,A,critique,2,-1.0,27.0,0.2596825710666768,proline_perdue,QPPEVQKGSVYLPP*KTHVQDRRA*
NM_000546.6_051,4,région non annotée,non_annotée,non_annotée,455,1363,P,S,critique,2,-1.0,74.0,0.5,proline_perdue,FSTSCSPLTASHPHLSLPCHFGFWV
NM_000546.6_052,2,région non annotée,non_annotée,non_annotée,484,1451,P,Q,critique,2,-1.0,76.0,0.5,proline_perdue,LAIGVRQKHPGLPFALSRGSTEQVG
NM_000546.6_053,4,région non annotée,non_annotée,non_annotée,609,1825,P,S,critique,2,-1.0,74.0,0.5,proline_perdue,NHLLLHGV*NLTPLRVLVPSPCWSV
NM_000546.6_054,5,région non annotée,non_annotée,non_annotée,615,1843,P,S,critique,2,-1.0,74.0,0.5,proline_perdue,GV*NLTPLRVLVPSPCWSVGW*FLQ
NM_000546.6_055,2,région non annotée,non_annotée,non_annotée,724,2170,P,T,critique,2,-1.0,38.0,0.5,proline_perdue,AGVEWRDLGLLQPLPPRLEQSCLSL
NM_000546.6_056,2,région non annotée,non_annotée,non_annotée,724,2171,P,S,critique,2,-1.0,74.0,0.1863832778737279,proline_perdue,AGVEWRDLGLLQPLPPRLEQSCLSL
NM_000546.6_057,1,région non annotée,non_annotée,non_annotée,753,2257,C,S,critique,2,-1.0,112.0,0.3471526025407285,cysteine_perdue,DHRFMPPWPANFCMFCRDGVSQCCP
NM_000546.6_058,4,région non annotée,non_annotée,non_annotée,782,2345,P,Q,critique,2,-1.0,76.0,0.5,proline_perdue,TPGLRRSTCLSLPECWDYNCEPPRP
NM_000546.6_059,4,région non annotée,non_annotée,non_annotée,794,2380,P,S,critique,2,-1.0,74.0,0.2390500328823659,proline_perdue,PECWDYNCEPPRPAGRVNIFYILQA
NM_000546.6_060,4,région non annotée,non_annotée,non_annotée,812,2434,P,S,critique,2,-1.0,74.0,0.5,proline_perdue,IFYILQAHLHFHPTLPLLLPFYIPF
NM_000546.6_061,4,région non annotée,non_annotée,non_annotée,823,2467,P,S,critique,2,-1.0,74.0,0.2390500328823659,proline_perdue,HPTLPLLLPFYIPFLYRSLILQ*NF
