sample,protein,protein_id,position,position_nt,aa_ref,aa_mut,blosum,grantham,p_accept,severity,hydrophobicity_delta,flags
1,région non annotée,non_annotée,6,17,P,Q,-1.0,76.0,0.5,2,-1.9,proline_perdue
1,région non annotée,non_annotée,21,63,A,A,0.0,0.0,1.0,-1,0.0,
1,région non annotée,non_annotée,23,68,G,A,0.0,60.0,0.48809748716232637,1,2.2,glycine_perdue
1,région non annotée,non_annotée,26,76,A,S,1.0,99.0,0.552438044874211,1,-2.6,
1,région non annotée,non_annotée,28,83,F,S,-2.0,155.0,0.21151966829578214,1,-3.5999999999999996,
1,région non annotée,non_annotée,40,118,P,T,-1.0,38.0,0.32865254651727005,2,0.9000000000000001,proline_perdue
1,région non annotée,non_annotée,41,121,D,N,1.0,23.0,0.8807970779778823,1,0.0,
1,région non annotée,non_annotée,54,161,R,K,2.0,26.0,0.9525741268224334,0,0.6000000000000001,
1,région non annotée,non_annotée,68,202,R,R,0.0,0.0,1.0,-1,0.0,
1,région non annotée,non_annotée,73,219,T,T,0.0,0.0,1.0,-1,0.0,
1,région non annotée,non_annotée,77,229,Q,K,1.0,53.0,0.8807970779778823,1,-0.3999999999999999,
1,région non annotée,non_annotée,79,236,S,C,-1.0,112.0,0.5,1,3.3,
1,région non annotée,non_annotée,83,247,A,T,0.0,58.0,0.6390927451628512,1,-2.5,
1,région non annotée,non_annotée,86,258,S,S,0.0,0.0,1.0,-1,0.0,
1,région non annotée,non_annotée,93,279,V,V,0.0,0.0,1.0,-1,0.0,
1,région non annotée,non_annotée,131,392,G,D,-1.0,94.0,0.44467194473763094,1,-3.1,glycine_perdue
1,région non annotée,non_annotée,138,412,L,L,0.0,0.0,1.0,-1,0.0,
1,région non annotée,non_annotée,144,432,C,C,0.0,0.0,1.0,-1,0.0,
1,région non annotée,non_annotée,167,501,Q,H,0.0,24.0,0.7310585786300049,1,0.2999999999999998,
1,région non annotée,non_annotée,176,528,C,C,0.0,0.0,1.0,-1,0.0,
1,région non annotée,non_annotée,178,532,Q,E,2.0,29.0,0.9461738372307704,1,0.0,
1,région non annotée,non_annotée,184,550,T,S,1.0,58.0,0.8434612695526998,0,-0.10000000000000009,
1,région non annotée,non_annotée,184,551,T,F,-2.0,103.0,0.2689414213699951,1,3.5,
1,région non annotée,non_annotée,186,556,Q,E,2.0,29.0,0.9461738372307704,1,0.0,
1,région non annotée,non_annotée,187,561,D,E,2.0,45.0,0.9525741268224334,0,0.0,
1,région non annotée,non_annotée,192,576,A,A,0.0,0.0,1.0,-1,0.0,
1,région non annotée,non_annotée,194,580,G,S,0.0,56.0,0.38374461190192277,1,-0.4,glycine_perdue
1,région non annotée,non_annotée,197,590,H,R,0.0,29.0,0.31479902333468435,0,-1.2999999999999998,
1,région non annotée,non_annotée,208,623,G,D,-1.0,94.0,0.44467194473763094,1,-3.1,glycine_perdue
1,région non annotée,non_annotée,221,663,E,D,2.0,45.0,0.9525741268224334,0,0.0,
1,région non annotée,non_annotée,223,668,L,Q,-2.0,113.0,0.2506331947978063,1,-7.3,
1,région non annotée,non_annotée,225,675,P,P,0.0,0.0,1.0,-1,0.0,
1,région non annotée,non_annotée,226,677,P,Q,-1.0,76.0,0.5,2,-1.9,proline_perdue
1,région non annotée,non_annotée,231,692,R,T,-1.0,71.0,0.32865254651727005,1,3.8,
1,région non annotée,non_annotée,235,703,S,A,1.0,99.0,0.791391472673955,1,2.6,
1,région non annotée,non_annotée,244,730,S,C,-1.0,112.0,0.5,1,3.3,
1,région non annotée,non_annotée,266,796,A,S,1.0,99.0,0.8807970779778823,1,-2.6,
1,région non annotée,non_annotée,266,797,A,Y,-2.0,112.0,0.2689414213699951,1,-3.1,
1,région non annotée,non_annotée,283,848,L,P,-3.0,98.0,0.11920292202211755,1,-5.4,
1,région non annotée,non_annotée,286,857,*,S,-4.0,0.0,0.0153995939605232,2,-0.8,"stop_perdu,accept_forcé"
1,région non annotée,non_annotée,307,921,L,L,0.0,0.0,1.0,-1,0.0,
1,région non annotée,non_annotée,312,935,T,I,-1.0,89.0,0.3775406687981454,1,5.2,
1,région non annotée,non_annotée,318,953,*,S,-4.0,0.0,0.0153995939605232,2,-0.8,"stop_perdu,accept_forcé"
1,région non annotée,non_annotée,320,960,A,A,0.0,0.0,1.0,-1,0.0,
1,région non annotée,non_annotée,322,966,L,L,0.0,0.0,1.0,-1,0.0,
1,région non annotée,non_annotée,334,1000,R,G,-2.0,125.0,0.2689414213699951,1,4.1,
1,région non annotée,non_annotée,337,1010,P,Q,-1.0,76.0,0.47620845649861887,2,-1.9,proline_perdue
1,région non annotée,non_annotée,354,1061,S,N,1.0,46.0,0.8807970779778823,0,-2.7,
1,région non annotée,non_annotée,356,1067,A,V,0.0,64.0,0.7310585786300049,0,2.4000000000000004,
1,région non annotée,non_annotée,385,1155,L,L,0.0,0.0,1.0,-1,0.0,
1,région non annotée,non_annotée,424,1271,Y,S,-2.0,144.0,0.2689414213699951,1,0.5,
1,région non annotée,non_annotée,427,1281,P,P,0.0,0.0,1.0,-1,0.0,
1,région non annotée,non_annotée,444,1330,S,A,1.0,99.0,0.8807970779778823,1,2.6,
1,région non annotée,non_annotée,449,1347,P,P,0.0,0.0,1.0,-1,0.0,
1,région non annotée,non_annotée,457,1371,L,L,0.0,0.0,1.0,-1,0.0,
1,région non annotée,non_annotée,463,1387,F,V,-1.0,50.0,0.3944675127794143,1,1.4000000000000004,
1,région non annotée,non_annotée,467,1399,V,I,3.0,29.0,0.9820137900379085,0,0.2999999999999998,
1,région non annotée,non_annotée,471,1411,L,V,1.0,32.0,0.75820382759259,0,0.40000000000000036,
1,région non annotée,non_annotée,483,1449,L,L,0.0,0.0,1.0,-1,0.0,
1,région non annotée,non_annotée,490,1469,G,A,0.0,60.0,0.7310585786300049,1,2.2,glycine_perdue
1,région non annotée,non_annotée,494,1482,Q,Q,0.0,0.0,1.0,-1,0.0,
1,région non annotée,non_annotée,506,1518,R,R,0.0,0.0,1.0,-1,0.0,
1,région non annotée,non_annotée,511,1532,T,R,-1.0,71.0,0.5,1,-3.8,
1,région non annotée,non_annotée,518,1554,G,G,0.0,0.0,1.0,-1,0.0,
1,région non annotée,non_annotée,527,1579,D,N,1.0,23.0,0.8519528019683106,1,0.0,
1,région non annotée,non_annotée,533,1598,A,V,0.0,64.0,0.42905340311653367,0,2.4000000000000004,
1,région non annotée,non_annotée,536,1606,G,S,0.0,56.0,0.38374461190192277,1,-0.4,glycine_perdue
1,région non annotée,non_annotée,537,1610,*,W,-4.0,0.0,0.04742587317756678,2,-0.9,"stop_perdu,accept_forcé"
1,région non annotée,non_annotée,544,1631,L,Q,-2.0,113.0,0.2689414213699951,1,-7.3,
1,région non annotée,non_annotée,545,1634,G,D,-1.0,94.0,0.5,1,-3.1,glycine_perdue
1,région non annotée,non_annotée,550,1650,H,H,0.0,0.0,1.0,-1,0.0,
1,région non annotée,non_annotée,567,1700,Q,R,1.0,43.0,0.7086608250294356,1,-1.0,
1,région non annotée,non_annotée,575,1723,G,S,0.0,56.0,0.5910773940574547,1,-0.4,glycine_perdue
1,région non annotée,non_annotée,586,1756,R,R,0.0,0.0,1.0,-1,0.0,
1,région non annotée,non_annotée,590,1770,I,M,1.0,10.0,0.8807970779778823,0,-2.6,
1,région non annotée,non_annotée,612,1834,V,M,1.0,21.0,0.8807970779778823,0,-2.3000000000000003,
1,région non annotée,non_annotée,612,1836,V,I,3.0,29.0,0.9399133498259924,0,0.2999999999999998,
1,région non annotée,non_annotée,617,1851,P,P,0.0,0.0,1.0,-1,0.0,
1,région non annotée,non_annotée,651,1952,S,Y,-2.0,144.0,0.19085804424486547,1,-0.5,
1,région non annotée,non_annotée,664,1992,I,M,1.0,10.0,0.8807970779778823,0,-2.6,
1,région non annotée,non_annotée,676,2026,M,V,1.0,21.0,0.75820382759259,0,2.3000000000000003,
1,région non annotée,non_annotée,677,2029,I,V,3.0,29.0,0.9820137900379085,0,-0.2999999999999998,
1,région non annotée,non_annotée,679,2035,I,L,2.0,5.0,0.9525741268224334,0,-0.7000000000000002,
1,région non annotée,non_annotée,695,2085,F,L,0.0,22.0,0.3917409692534856,1,1.0,
1,région non annotée,non_annotée,707,2120,R,H,0.0,29.0,0.7310585786300049,0,1.2999999999999998,
1,région non annotée,non_annotée,711,2131,Q,K,1.0,53.0,0.598687660112452,1,-0.3999999999999999,
1,région non annotée,non_annotée,721,2163,L,F,0.0,22.0,0.7310585786300049,1,-1.0,
1,région non annotée,non_annotée,723,2167,Q,E,2.0,29.0,0.9525741268224334,1,0.0,
1,région non annotée,non_annotée,735,2204,S,N,1.0,46.0,0.8807970779778823,0,-2.7,
1,région non annotée,non_annotée,747,2241,P,P,0.0,0.0,1.0,-1,0.0,
1,région non annotée,non_annotée,753,2257,C,S,-1.0,112.0,0.3471526025407285,2,-3.3,cysteine_perdue
1,région non annotée,non_annotée,766,2298,G,G,0.0,0.0,1.0,-1,0.0,
1,région non annotée,non_annotée,785,2354,W,L,-2.0,61.0,0.12346704756522399,1,4.7,
1,région non annotée,non_annotée,790,2369,E,G,-2.0,98.0,0.14563801637576332,1,3.1,
1,région non annotée,non_annotée,802,2405,Y,C,-2.0,194.0,0.21151966829578214,1,3.8,
1,région non annotée,non_annotée,813,2438,T,S,1.0,58.0,0.7971249310813159,0,-0.10000000000000009,
1,région non annotée,non_annotée,815,2445,P,P,0.0,0.0,1.0,-1,0.0,
1,région non annotée,non_annotée,829,2486,L,P,-3.0,98.0,0.04064870581608015,1,-5.4,
1,région non annotée,non_annotée,834,2501,N,S,1.0,46.0,0.7971249310813159,0,2.7,
1,région non annotée,non_annotée,836,2506,A,S,1.0,99.0,0.8434612695526998,1,-2.6,
2,région non annotée,non_annotée,6,16,P,S,-1.0,74.0,0.23905003288236595,2,0.8,proline_perdue
2,région non annotée,non_annotée,7,21,P,P,0.0,0.0,1.0,-1,0.0,
2,région non annotée,non_annotée,8,22,S,A,1.0,99.0,0.8807970779778823,1,2.6,
2,région non annotée,non_annotée,17,50,R,Q,1.0,43.0,0.8704295306002942,1,1.0,
2,région non annotée,non_annotée,19,56,H,L,-3.0,99.0,0.11920292202211755,1,7.0,
2,région non annotée,non_annotée,26,78,A,A,0.0,0.0,1.0,-1,0.0,
2,région non annotée,non_annotée,37,109,D,N,1.0,23.0,0.8519528019683106,1,0.0,
2,région non annotée,non_annotée,39,115,Q,K,1.0,53.0,0.598687660112452,1,-0.3999999999999999,
2,région non annotée,non_annotée,45,134,G,D,-1.0,94.0,0.5,1,-3.1,glycine_perdue
2,région non annotée,non_annotée,62,184,E,K,1.0,56.0,0.598687660112452,1,-0.3999999999999999,
2,région non annotée,non_annotée,72,214,T,S,1.0,58.0,0.8434612695526998,0,-0.10000000000000009,
2,région non annotée,non_annotée,76,227,K,R,2.0,26.0,0.9525741268224334,0,-0.6000000000000001,
2,région non annotée,non_annotée,96,287,R,Q,1.0,43.0,0.8807970779778823,1,1.0,
2,région non annotée,non_annotée,97,291,Y,Y,0.0,0.0,1.0,-1,0.0,
2,région non annotée,non_annotée,98,294,*,W,-4.0,0.0,0.04742587317756678,2,-0.9,stop_perdu
2,région non annotée,non_annotée,116,347,G,D,-1.0,94.0,0.44467194473763094,1,-3.1,glycine_perdue
2,région non annotée,non_annotée,119,357,P,P,0.0,0.0,1.0,-1,0.0,
2,région non annotée,non_annotée,125,373,S,C,-1.0,112.0,0.4217022267039683,1,3.3,
2,région non annotée,non_annotée,133,398,C,Y,-2.0,194.0,0.2689414213699951,2,-3.8,cysteine_perdue
2,région non annotée,non_annotée,143,427,F,I,0.0,21.0,0.7310585786300049,1,1.7000000000000002,
2,région non annotée,non_annotée,149,445,N,H,1.0,68.0,0.8807970779778823,1,0.2999999999999998,
2,région non annotée,non_annotée,150,450,L,L,0.0,0.0,1.0,-1,0.0,
2,région non annotée,non_annotée,167,500,Q,R,1.0,43.0,0.7086608250294356,1,-1.0,
2,région non annotée,non_annotée,178,532,Q,E,2.0,29.0,0.9461738372307704,1,0.0,
2,région non annotée,non_annotée,181,542,V,A,0.0,64.0,0.5825702064623147,0,-2.4000000000000004,
2,région non annotée,non_annotée,199,596,P,L,-3.0,98.0,0.11920292202211755,2,5.4,proline_perdue
2,région non annotée,non_annotée,205,615,P,P,0.0,0.0,1.0,-1,0.0,
2,région non annotée,non_annotée,215,644,A,V,0.0,64.0,0.42905340311653367,0,2.4000000000000004,
2,région non annotée,non_annotée,229,685,L,L,0.0,0.0,1.0,-1,0.0,
2,région non annotée,non_annotée,230,688,L,I,2.0,5.0,0.9525741268224334,0,0.7000000000000002,
2,région non annotée,non_annotée,238,714,S,S,0.0,0.0,1.0,-1,0.0,
2,région non annotée,non_annotée,253,759,F,F,0.0,0.0,1.0,-1,0.0,
2,région non annotée,non_annotée,261,783,T,T,0.0,0.0,1.0,-1,0.0,
2,région non annotée,non_annotée,274,820,L,F,0.0,22.0,0.40001432873420434,1,-1.0,
2,région non annotée,non_annotée,276,828,L,L,0.0,0.0,1.0,-1,0.0,
2,région non annotée,non_annotée,281,841,L,L,0.0,0.0,1.0,-1,0.0,
2,région non annotée,non_annotée,285,854,V,A,0.0,64.0,0.48809748716232637,0,-2.4000000000000004,
2,région non annotée,non_annotée,286,858,*,Y,-4.0,0.0,0.04742587317756678,2,-1.3,stop_perdu
2,région non annotée,non_annotée,287,859,Q,K,1.0,53.0,0.598687660112452,1,-0.3999999999999999,
2,région non annotée,non_annotée,295,884,P,L,-3.0,98.0,0.07175754226375133,2,5.4,proline_perdue
2,région non annotée,non_annotée,311,931,S,T,1.0,58.0,0.8807970779778823,0,0.10000000000000009,
2,région non annotée,non_annotée,321,961,C,S,-1.0,112.0,0.1863832778737279,2,-3.3,cysteine_perdue
2,région non annotée,non_annotée,332,995,R,K,2.0,26.0,0.9525741268224334,0,0.6000000000000001,
2,région non annotée,non_annotée,333,999,G,G,0.0,0.0,1.0,-1,0.0,
2,région non annotée,non_annotée,336,1007,S,F,-2.0,155.0,0.2689414213699951,1,3.5999999999999996,
2,région non annotée,non_annotée,352,1054,*,K,-4.0,0.0,0.04742587317756678,2,-3.9,stop_perdu
2,région non annotée,non_annotée,353,1057,A,S,1.0,99.0,0.552438044874211,1,-2.6,
2,région non annotée,non_annotée,361,1083,L,L,0.0,0.0,1.0,-1,0.0,
2,région non annotée,non_annotée,371,1113,G,G,0.0,0.0,1.0,-1,0.0,
2,région non annotée,non_annotée,378,1134,S,S,0.0,0.0,1.0,-1,0.0,
2,région non annotée,non_annotée,408,1222,G,R,-2.0,125.0,0.24766380113907163,1,-4.1,glycine_perdue
2,région non annotée,non_annotée,409,1226,E,A,-1.0,107.0,0.25968257106667686,1,5.3,
2,région non annotée,non_annotée,416,1246,P,S,-1.0,74.0,0.4217022267039683,2,0.8,proline_perdue
2,région non annotée,non_annotée,422,1264,S,P,-1.0,74.0,0.5,1,-0.8,
2,région non annotée,non_annotée,430,1288,T,A,0.0,58.0,0.5825702064623147,1,2.5,
2,région non annotée,non_annotée,430,1289,T,V,0.0,69.0,0.6390927451628512,1,4.9,
2,région non annotée,non_annotée,440,1320,R,R,0.0,0.0,1.0,-1,0.0,
2,région non annotée,non_annotée,474,1420,I,V,3.0,29.0,0.9378643669135703,0,-0.2999999999999998,
2,région non annotée,non_annotée,475,1423,G,C,-3.0,159.0,0.11920292202211755,0,2.9,glycine_perdue
2,région non annotée,non_annotée,476,1427,V,A,0.0,64.0,0.48809748716232637,0,-2.4000000000000004,
2,région non annotée,non_annotée,482,1445,G,A,0.0,60.0,0.46434632916602836,1,2.2,glycine_perdue
2,région non annotée,non_annotée,484,1451,P,Q,-1.0,76.0,0.5,2,-1.9,proline_perdue
2,région non annotée,non_annotée,495,1483,V,I,3.0,29.0,0.9706877692486436,0,0.2999999999999998,
2,région non annotée,non_annotée,503,1508,V,A,0.0,64.0,0.48809748716232637,0,-2.4000000000000004,
2,région non annotée,non_annotée,507,1520,M,T,-1.0,81.0,0.13503642292280238,1,-2.5999999999999996,
2,région non annotée,non_annotée,518,1554,G,G,0.0,0.0,1.0,-1,0.0,
2,région non annotée,non_annotée,520,1558,Y,H,2.0,83.0,0.9525741268224334,1,-1.9000000000000001,
2,région non annotée,non_annotée,531,1592,V,A,0.0,64.0,0.5825702064623147,0,-2.4000000000000004,
2,région non annotée,non_annotée,534,1601,V,A,0.0,64.0,0.5825702064623147,0,-2.4000000000000004,
2,région non annotée,non_annotée,551,1651,R,C,-3.0,180.0,0.11920292202211755,1,7.0,
2,région non annotée,non_annotée,555,1665,G,G,0.0,0.0,1.0,-1,0.0,
2,région non annotée,non_annotée,560,1679,L,Q,-2.0,113.0,0.2506331947978063,1,-7.3,
2,région non annotée,non_annotée,565,1695,*,Y,-4.0,0.0,0.04742587317756678,2,-1.3,stop_perdu
2,région non annotée,non_annotée,570,1709,Y,F,3.0,22.0,0.9820137900379085,0,4.1,
2,région non annotée,non_annotée,592,1775,Y,S,-2.0,144.0,0.2689414213699951,1,0.5,
2,région non annotée,non_annotée,596,1788,*,C,-4.0,0.0,0.035033471787047334,2,2.5,stop_perdu
2,région non annotée,non_annotée,605,1814,*,L,-4.0,0.0,0.018706509954354602,2,3.8,stop_perdu
2,région non annotée,non_annotée,612,1834,V,M,1.0,21.0,0.8807970779778823,0,-2.3000000000000003,
2,région non annotée,non_annotée,625,1875,F,F,0.0,0.0,1.0,-1,0.0,
2,région non annotée,non_annotée,628,1884,L,L,0.0,0.0,1.0,-1,0.0,
2,région non annotée,non_annotée,634,1901,R,K,2.0,26.0,0.9525741268224334,0,0.6000000000000001,
2,région non annotée,non_annotée,634,1902,R,K,2.0,26.0,0.8021838885585817,0,0.6000000000000001,
2,région non annotée,non_annotée,639,1915,V,L,1.0,32.0,0.8807970779778823,0,-0.40000000000000036,
2,région non annotée,non_annotée,639,1917,V,L,1.0,32.0,0.6726070170677604,0,-0.40000000000000036,
2,région non annotée,non_annotée,650,1948,T,S,1.0,58.0,0.8807970779778823,0,-0.10000000000000009,
2,région non annotée,non_annotée,651,1953,S,S,0.0,0.0,1.0,-1,0.0,
2,région non annotée,non_annotée,673,2019,L,L,0.0,0.0,1.0,-1,0.0,
2,région non annotée,non_annotée,678,2032,W,R,-3.0,101.0,0.10802156134341918,1,-3.6,
2,région non annotée,non_annotée,685,2053,Y,H,2.0,83.0,0.9156466014415385,1,-1.9000000000000001,
2,région non annotée,non_annotée,688,2063,G,D,-1.0,94.0,0.5,1,-3.1,glycine_perdue
2,région non annotée,non_annotée,699,2096,F,Y,3.0,22.0,0.9820137900379085,0,-4.1,
2,région non annotée,non_annotée,700,2100,F,F,0.0,0.0,1.0,-1,0.0,
2,région non annotée,non_annotée,709,2127,V,V,0.0,0.0,1.0,-1,0.0,
2,région non annotée,non_annotée,724,2170,P,T,-1.0,38.0,0.5,2,0.9000000000000001,proline_perdue
2,région non annotée,non_annotée,724,2171,P,S,-1.0,74.0,0.1863832778737279,2,0.8,proline_perdue
2,région non annotée,non_annotée,729,2185,L,I,2.0,5.0,0.9525741268224334,0,0.7000000000000002,
2,région non annotée,non_annotée,761,2281,S,T,1.0,58.0,0.7834209042318241,0,0.10000000000000009,
2,région non annotée,non_annotée,772,2314,G,R,-2.0,125.0,0.24766380113907163,1,-4.1,glycine_perdue
2,région non annotée,non_annotée,773,2318,L,R,-2.0,102.0,0.0585369028743679,1,-8.3,
2,région non annotée,non_annotée,776,2328,S,S,0.0,0.0,1.0,-1,0.0,
3,région non annotée,non_annotée,5,13,E,K,1.0,56.0,0.598687660112452,1,-0.3999999999999999,
3,région non annotée,non_annotée,22,66,F,F,0.0,0.0,1.0,-1,0.0,
3,région non annotée,non_annotée,25,74,G,A,0.0,60.0,0.46434632916602836,1,2.2,glycine_perdue
3,région non annotée,non_annotée,28,83,F,Y,3.0,22.0,0.9722278252938079,0,-4.1,
3,région non annotée,non_annotée,45,135,G,G,0.0,0.0,1.0,-1,0.0,
3,région non annotée,non_annotée,53,159,V,V,0.0,0.0,1.0,-1,0.0,
3,région non annotée,non_annotée,65,193,N,H,1.0,68.0,0.8807970779778823,1,0.2999999999999998,
3,région non annotée,non_annotée,65,194,N,R,0.0,86.0,0.31479902333468435,1,-1.0,
3,région non annotée,non_annotée,69,207,P,P,0.0,0.0,1.0,-1,0.0,
3,région non annotée,non_annotée,72,214,T,P,-1.0,38.0,0.2384329058848583,1,-0.9000000000000001,
3,région non annotée,non_annotée,72,216,T,P,-1.0,38.0,0.4358395523837514,1,-0.9000000000000001,
3,région non annotée,non_annotée,79,236,S,F,-2.0,155.0,0.2689414213699951,1,3.5999999999999996,
3,région non annotée,non_annotée,90,269,F,Y,3.0,22.0,0.9722278252938079,0,-4.1,
3,région non annotée,non_annotée,91,273,D,D,0.0,0.0,1.0,-1,0.0,
3,région non annotée,non_annotée,112,334,Q,E,2.0,29.0,0.9525741268224334,1,0.0,
3,région non annotée,non_annotée,115,344,R,K,2.0,26.0,0.9525741268224334,0,0.6000000000000001,
3,région non annotée,non_annotée,117,351,C,C,0.0,0.0,1.0,-1,0.0,
3,région non annotée,non_annotée,118,352,S,T,1.0,58.0,0.8279871670642386,0,0.10000000000000009,
3,région non annotée,non_annotée,130,388,G,S,0.0,56.0,0.5910773940574547,1,-0.4,glycine_perdue
3,région non annotée,non_annotée,137,409,L,F,0.0,22.0,0.40001432873420434,1,-1.0,
3,région non annotée,non_annotée,143,429,F,L,0.0,22.0,0.5099986668799655,1,1.0,
3,région non annotée,non_annotée,158,473,S,F,-2.0,155.0,0.2689414213699951,1,3.5999999999999996,
3,région non annotée,non_annotée,165,495,D,E,2.0,45.0,0.9525741268224334,0,0.0,
3,région non annotée,non_annotée,202,604,H,N,1.0,68.0,0.8807970779778823,1,-0.2999999999999998,
3,région non annotée,non_annotée,207,620,H,R,0.0,29.0,0.47225076494548685,0,-1.2999999999999998,
3,région non annotée,non_annotée,211,633,Q,Q,0.0,0.0,1.0,-1,0.0,
3,région non annotée,non_annotée,225,675,P,P,0.0,0.0,1.0,-1,0.0,
3,région non annotée,non_annotée,229,685,L,L,0.0,0.0,1.0,-1,0.0,
3,région non annotée,non_annotée,244,732,S,S,0.0,0.0,1.0,-1,0.0,
3,région non annotée,non_annotée,252,756,V,V,0.0,0.0,1.0,-1,0.0,
3,région non annotée,non_annotée,256,767,Q,P,-1.0,76.0,0.22691623746508444,1,1.9,
3,région non annotée,non_annotée,258,772,H,Y,2.0,83.0,0.9525741268224334,1,1.9000000000000001,
3,région non annotée,non_annotée,264,790,G,S,0.0,56.0,0.38374461190192277,1,-0.4,glycine_perdue
3,région non annotée,non_annotée,264,792,G,S,0.0,56.0,0.5910773940574547,1,-0.4,glycine_perdue
3,région non annotée,non_annotée,272,815,G,D,-1.0,94.0,0.5,1,-3.1,glycine_perdue
3,région non annotée,non_annotée,277,831,Y,Y,0.0,0.0,1.0,-1,0.0,
3,région non annotée,non_annotée,278,833,H,R,0.0,29.0,0.31479902333468435,0,-1.2999999999999998,
3,région non annotée,non_annotée,280,839,P,Q,-1.0,76.0,0.5,2,-1.9,proline_perdue
3,région non annotée,non_annotée,282,846,Q,H,0.0,24.0,0.5949857935227716,1,0.2999999999999998,
3,région non annotée,non_annotée,285,855,V,V,0.0,0.0,1.0,-1,0.0,
3,région non annotée,non_annotée,297,890,A,V,0.0,64.0,0.7310585786300049,0,2.4000000000000004,
3,région non annotée,non_annotée,298,892,H,Y,2.0,83.0,0.927945856381436,1,1.9000000000000001,
3,région non annotée,non_annotée,302,904,H,D,-1.0,81.0,0.5,1,-0.2999999999999998,
3,région non annotée,non_annotée,320,958,A,T,0.0,58.0,0.2979366301210704,1,-2.5,
3,région non annotée,non_annotée,324,970,L,V,1.0,32.0,0.75820382759259,0,0.40000000000000036,
3,région non annotée,non_annotée,326,977,W,L,-2.0,61.0,0.12346704756522399,1,4.7,
3,région non annotée,non_annotée,326,978,W,F,1.0,40.0,0.6444186632340837,0,3.6999999999999997,
3,région non annotée,non_annotée,332,995,R,T,-1.0,71.0,0.32865254651727005,1,3.8,
3,région non annotée,non_annotée,333,999,G,G,0.0,0.0,1.0,-1,0.0,
3,région non annotée,non_annotée,343,1027,S,P,-1.0,74.0,0.5,1,-0.8,
3,région non annotée,non_annotée,355,1064,T,I,-1.0,89.0,0.3775406687981454,1,5.2,
3,région non annotée,non_annotée,362,1084,L,V,1.0,32.0,0.8807970779778823,0,0.40000000000000036,
3,région non annotée,non_annotée,366,1098,K,K,0.0,0.0,1.0,-1,0.0,
3,région non annotée,non_annotée,367,1100,E,G,-2.0,98.0,0.2689414213699951,1,3.1,
3,région non annotée,non_annotée,377,1130,P,R,-2.0,103.0,0.10802156134341918,2,-2.9,proline_perdue
3,région non annotée,non_annotée,408,1222,G,R,-2.0,125.0,0.24766380113907163,1,-4.1,glycine_perdue
3,région non annotée,non_annotée,411,1231,G,S,0.0,56.0,0.5910773940574547,1,-0.4,glycine_perdue
3,région non annotée,non_annotée,415,1244,P,Q,-1.0,76.0,0.5,2,-1.9,proline_perdue
3,région non annotée,non_annotée,419,1256,Q,P,-1.0,76.0,0.5,1,1.9,
3,région non annotée,non_annotée,464,1392,G,G,0.0,0.0,1.0,-1,0.0,
3,région non annotée,non_annotée,472,1415,L,R,-2.0,102.0,0.10802156134341918,1,-8.3,
3,région non annotée,non_annotée,480,1438,H,D,-1.0,81.0,0.44467194473763094,1,-0.2999999999999998,
3,région non annotée,non_annotée,492,1474,T,A,0.0,58.0,0.5825702064623147,1,2.5,
3,région non annotée,non_annotée,499,1496,W,L,-2.0,61.0,0.12346704756522399,1,4.7,
3,région non annotée,non_annotée,501,1503,F,L,0.0,22.0,0.5099986668799655,1,1.0,
3,région non annotée,non_annotée,517,1550,*,S,-4.0,0.0,0.0153995939605232,2,-0.8,stop_perdu
3,région non annotée,non_annotée,522,1564,E,K,1.0,56.0,0.598687660112452,1,-0.3999999999999999,
3,région non annotée,non_annotée,525,1575,L,L,0.0,0.0,1.0,-1,0.0,
3,région non annotée,non_annotée,529,1587,R,R,0.0,0.0,1.0,-1,0.0,
3,région non annotée,non_annotée,552,1655,T,S,1.0,58.0,0.628623419215673,0,-0.10000000000000009,
3,région non annotée,non_annotée,568,1702,G,S,0.0,56.0,0.5910773940574547,1,-0.4,glycine_perdue
3,région non annotée,non_annotée,594,1782,W,C,-2.0,215.0,0.21151966829578214,1,3.4,
3,région non annotée,non_annotée,595,1785,P,P,0.0,0.0,1.0,-1,0.0,
3,région non annotée,non_annotée,596,1788,*,W,-4.0,0.0,0.04742587317756678,2,-0.9,stop_perdu
3,région non annotée,non_annotée,606,1816,N,H,1.0,68.0,0.8807970779778823,1,0.2999999999999998,
3,région non annotée,non_annotée,618,1854,C,C,0.0,0.0,1.0,-1,0.0,
3,région non annotée,non_annotée,630,1888,S,R,-1.0,110.0,0.14457775046587726,1,-3.7,
3,région non annotée,non_annotée,633,1897,G,S,0.0,56.0,0.38374461190192277,1,-0.4,glycine_perdue
3,région non annotée,non_annotée,644,1930,A,T,0.0,58.0,0.6390927451628512,1,-2.5,
3,région non annotée,non_annotée,647,1941,C,C,0.0,0.0,1.0,-1,0.0,
3,région non annotée,non_annotée,668,2002,G,R,-2.0,125.0,0.2689414213699951,1,-4.1,glycine_perdue
3,région non annotée,non_annotée,675,2023,M,L,2.0,15.0,0.9198270878271877,0,1.9,
3,région non annotée,non_annotée,684,2051,F,Y,3.0,22.0,0.9722278252938079,0,-4.1,
3,région non annotée,non_annotée,699,2095,F,L,0.0,22.0,0.7310585786300049,1,1.0,
3,région non annotée,non_annotée,702,2104,F,I,0.0,21.0,0.6224593312018546,1,1.7000000000000002,
3,région non annotée,non_annotée,720,2159,G,A,0.0,60.0,0.7310585786300049,1,2.2,glycine_perdue
3,région non annotée,non_annotée,750,2250,A,A,0.0,0.0,1.0,-1,0.0,
3,région non annotée,non_annotée,753,2259,C,W,-2.0,215.0,0.2689414213699951,2,-3.4,cysteine_perdue
3,région non annotée,non_annotée,755,2263,F,L,0.0,22.0,0.6456563062257954,1,1.0,
3,région non annotée,non_annotée,758,2273,D,G,-1.0,94.0,0.2843313650622077,1,3.1,
3,région non annotée,non_annotée,778,2333,C,Y,-2.0,194.0,0.19085804424486547,2,-3.8,cysteine_perdue
3,région non annotée,non_annotée,787,2361,Y,Y,0.0,0.0,1.0,-1,0.0,
3,région non annotée,non_annotée,794,2382,P,P,0.0,0.0,1.0,-1,0.0,
3,région non annotée,non_annotée,799,2396,N,S,1.0,46.0,0.7971249310813159,0,2.7,
3,région non annotée,non_annotée,805,2415,Q,Q,0.0,0.0,1.0,-1,0.0,
3,région non annotée,non_annotée,815,2445,P,P,0.0,0.0,1.0,-1,0.0,
3,région non annotée,non_annotée,816,2447,L,P,-3.0,98.0,0.09465610272894266,1,-5.4,
3,région non annotée,non_annotée,819,2456,P,R,-2.0,103.0,0.10802156134341918,2,-2.9,proline_perdue
3,région non annotée,non_annotée,828,2483,S,F,-2.0,155.0,0.2689414213699951,1,3.5999999999999996,
3,région non annotée,non_annotée,831,2493,L,F,0.0,22.0,0.40001432873420434,1,-1.0,
4,région non annotée,non_annotée,1,2,L,P,-3.0,98.0,0.09465610272894266,1,-5.4,
4,région non annotée,non_annotée,2,5,K,R,2.0,26.0,0.9525741268224334,0,-0.6000000000000001,
4,région non annotée,non_annotée,19,56,H,P,-2.0,77.0,0.22130725491884337,1,1.6,
4,région non annotée,non_annotée,24,71,L,R,-2.0,102.0,0.10802156134341918,1,-8.3,
4,région non annotée,non_annotée,28,83,F,S,-2.0,155.0,0.21151966829578214,1,-3.5999999999999996,
4,région non annotée,non_annotée,57,169,R,S,-1.0,110.0,0.1863832778737279,1,3.7,
4,région non annotée,non_annotée,74,220,S,T,1.0,58.0,0.8279871670642386,0,0.10000000000000009,
4,région non annotée,non_annotée,76,227,K,R,2.0,26.0,0.9525741268224334,0,-0.6000000000000001,
4,région non annotée,non_annotée,85,253,P,T,-1.0,38.0,0.32865254651727005,2,0.9000000000000001,proline_perdue
4,région non annotée,non_annotée,85,254,P,K,-1.0,103.0,0.5,2,-2.3,proline_perdue
4,région non annotée,non_annotée,90,270,F,L,0.0,22.0,0.5099986668799655,1,1.0,
4,région non annotée,non_annotée,106,318,R,R,0.0,0.0,1.0,-1,0.0,
4,région non annotée,non_annotée,110,328,S,G,0.0,56.0,0.6133790784625258,1,0.4,
4,région non annotée,non_annotée,115,343,R,G,-2.0,125.0,0.2689414213699951,1,4.1,
4,région non annotée,non_annotée,118,353,S,C,-1.0,112.0,0.4217022267039683,1,3.3,
4,région non annotée,non_annotée,132,396,P,P,0.0,0.0,1.0,-1,0.0,
4,région non annotée,non_annotée,140,420,P,P,0.0,0.0,1.0,-1,0.0,
4,région non annotée,non_annotée,146,438,F,F,0.0,0.0,1.0,-1,0.0,
4,région non annotée,non_annotée,147,440,P,R,-2.0,103.0,0.10802156134341918,2,-2.9,proline_perdue
4,région non annotée,non_annotée,148,442,E,K,1.0,56.0,0.8807970779778823,1,-0.3999999999999999,
4,région non annotée,non_annotée,158,473,S,F,-2.0,155.0,0.2689414213699951,1,3.5999999999999996,
4,région non annotée,non_annotée,169,507,C,C,0.0,0.0,1.0,-1,0.0,
4,région non annotée,non_annotée,184,550,T,A,0.0,58.0,0.5825702064623147,1,2.5,
4,région non annotée,non_annotée,186,556,Q,E,2.0,29.0,0.9461738372307704,1,0.0,
4,région non annotée,non_annotée,188,562,L,V,1.0,32.0,0.75820382759259,0,0.40000000000000036,
4,région non annotée,non_annotée,195,584,*,S,-4.0,0.0,0.0153995939605232,2,-0.8,stop_perdu
4,région non annotée,non_annotée,200,600,A,A,0.0,0.0,1.0,-1,0.0,
4,région non annotée,non_annotée,210,629,L,P,-3.0,98.0,0.11920292202211755,1,-5.4,
4,région non annotée,non_annotée,216,648,H,H,0.0,0.0,1.0,-1,0.0,
4,région non annotée,non_annotée,223,667,L,L,0.0,0.0,1.0,-1,0.0,
4,région non annotée,non_annotée,253,757,F,V,-1.0,50.0,0.3944675127794143,1,1.4000000000000004,
4,région non annotée,non_annotée,257,771,K,K,0.0,0.0,1.0,-1,0.0,
4,région non annotée,non_annotée,259,775,F,L,0.0,22.0,0.6456563062257954,1,1.0,
4,région non annotée,non_annotée,272,814,G,S,0.0,56.0,0.38374461190192277,1,-0.4,glycine_perdue
4,région non annotée,non_annotée,313,937,G,W,-2.0,184.0,0.2689414213699951,1,-0.5,glycine_perdue
4,région non annotée,non_annotée,317,950,L,R,-2.0,102.0,0.10802156134341918,1,-8.3,
4,région non annotée,non_annotée,323,969,C,C,0.0,0.0,1.0,-1,0.0,
4,région non annotée,non_annotée,328,982,R,G,-2.0,125.0,0.2689414213699951,1,4.1,
4,région non annotée,non_annotée,331,991,H,Y,2.0,83.0,0.9525741268224334,1,1.9000000000000001,
4,région non annotée,non_annotée,372,1115,W,L,-2.0,61.0,0.12346704756522399,1,4.7,
4,région non annotée,non_annotée,400,1198,C,S,-1.0,112.0,0.3471526025407285,2,-3.3,cysteine_perdue
4,région non annotée,non_annotée,410,1228,Q,K,1.0,53.0,0.598687660112452,1,-0.3999999999999999,
4,région non annotée,non_annotée,411,1232,G,A,0.0,60.0,0.7310585786300049,1,2.2,glycine_perdue
4,région non annotée,non_annotée,411,1233,G,A,0.0,60.0,0.5825702064623147,1,2.2,glycine_perdue
4,région non annotée,non_annotée,440,1320,R,R,0.0,0.0,1.0,-1,0.0,
4,région non annotée,non_annotée,455,1363,P,S,-1.0,74.0,0.5,2,0.8,proline_perdue
4,région non annotée,non_annotée,470,1410,P,P,0.0,0.0,1.0,-1,0.0,
4,région non annotée,non_annotée,471,1411,L,V,1.0,32.0,0.75820382759259,0,0.40000000000000036,
4,région non annotée,non_annotée,471,1412,L,A,-1.0,96.0,0.25968257106667686,0,-1.9999999999999998,
4,région non annotée,non_annotée,491,1472,S,F,-2.0,155.0,0.08276143493310317,1,3.5999999999999996,
4,région non annotée,non_annotée,492,1474,T,A,0.0,58.0,0.5825702064623147,1,2.5,
4,région non annotée,non_annotée,496,1488,G,G,0.0,0.0,1.0,-1,0.0,
4,région non annotée,non_annotée,502,1506,V,V,0.0,0.0,1.0,-1,0.0,
4,région non annotée,non_annotée,532,1594,L,F,0.0,22.0,0.7310585786300049,1,-1.0,
4,région non annotée,non_annotée,542,1625,H,R,0.0,29.0,0.31479902333468435,0,-1.2999999999999998,
4,région non annotée,non_annotée,542,1626,H,R,0.0,29.0,0.47225076494548685,0,-1.2999999999999998,
4,région non annotée,non_annotée,574,1721,A,V,0.0,64.0,0.6390927451628512,0,2.4000000000000004,
4,région non annotée,non_annotée,578,1734,T,T,0.0,0.0,1.0,-1,0.0,
4,région non annotée,non_annotée,584,1751,I,T,-1.0,89.0,0.5,1,-5.2,
4,région non annotée,non_annotée,586,1758,R,R,0.0,0.0,1.0,-1,0.0,
4,région non annotée,non_annotée,590,1770,I,I,0.0,0.0,1.0,-1,0.0,
4,région non annotée,non_annotée,600,1800,L,L,0.0,0.0,1.0,-1,0.0,
4,région non annotée,non_annotée,609,1825,P,S,-1.0,74.0,0.5,2,0.8,proline_perdue
4,région non annotée,non_annotée,611,1831,R,R,0.0,0.0,1.0,-1,0.0,
4,région non annotée,non_annotée,621,1862,V,A,0.0,64.0,0.48809748716232637,0,-2.4000000000000004,
4,région non annotée,non_annotée,647,1941,C,C,0.0,0.0,1.0,-1,0.0,
4,région non annotée,non_annotée,656,1968,V,V,0.0,0.0,1.0,-1,0.0,
4,région non annotée,non_annotée,661,1982,S,C,-1.0,112.0,0.5,1,3.3,
4,région non annotée,non_annotée,675,2024,M,R,-1.0,91.0,0.47225076494548685,1,-6.4,
4,région non annotée,non_annotée,703,2108,E,V,-2.0,121.0,0.13503642292280238,1,7.7,
4,région non annotée,non_annotée,706,2118,S,S,0.0,0.0,1.0,-1,0.0,
4,région non annotée,non_annotée,708,2123,F,Y,3.0,22.0,0.9722278252938079,0,-4.1,
4,région non annotée,non_annotée,708,2124,F,Y,3.0,22.0,0.9820137900379085,0,-4.1,
4,région non annotée,non_annotée,719,2157,L,L,0.0,0.0,1.0,-1,0.0,
4,région non annotée,non_annotée,720,2160,G,G,0.0,0.0,1.0,-1,0.0,
4,région non annotée,non_annotée,736,2208,L,L,0.0,0.0,1.0,-1,0.0,
4,région non annotée,non_annotée,737,2211,R,R,0.0,0.0,1.0,-1,0.0,
4,région non annotée,non_annotée,738,2213,S,T,1.0,58.0,0.8807970779778823,0,0.10000000000000009,
4,région non annotée,non_annotée,739,2216,S,N,1.0,46.0,0.8807970779778823,0,-2.7,
4,région non annotée,non_annotée,766,2296,G,C,-3.0,159.0,0.08982369861152384,0,2.9,glycine_perdue
4,région non annotée,non_annotée,768,2302,S,P,-1.0,74.0,0.2384329058848583,1,-0.8,
4,région non annotée,non_annotée,769,2305,Q,E,2.0,29.0,0.9461738372307704,1,0.0,
4,région non annotée,non_annotée,769,2306,Q,G,-2.0,87.0,0.2689414213699951,1,3.1,
4,région non annotée,non_annotée,770,2308,T,P,-1.0,38.0,0.2384329058848583,1,-0.9000000000000001,
4,région non annotée,non_annotée,777,2329,T,P,-1.0,38.0,0.4358395523837514,1,-0.9000000000000001,
4,région non annotée,non_annotée,782,2345,P,Q,-1.0,76.0,0.5,2,-1.9,proline_perdue
4,région non annotée,non_annotée,789,2365,C,R,-3.0,180.0,0.042651252130942854,2,-7.0,cysteine_perdue
4,région non annotée,non_annotée,793,2379,R,R,0.0,0.0,1.0,-1,0.0,
4,région non annotée,non_annotée,794,2380,P,S,-1.0,74.0,0.23905003288236595,2,0.8,proline_perdue
4,région non annotée,non_annotée,794,2381,P,L,-3.0,98.0,0.03106848415966741,2,5.4,proline_perdue
4,région non annotée,non_annotée,795,2383,A,T,0.0,58.0,0.7310585786300049,1,-2.5,
4,région non annotée,non_annotée,805,2413,Q,E,2.0,29.0,0.9461738372307704,1,0.0,
4,région non annotée,non_annotée,805,2414,Q,G,-2.0,87.0,0.2689414213699951,1,3.1,
4,région non annotée,non_annotée,808,2423,L,Q,-2.0,113.0,0.2506331947978063,1,-7.3,
4,région non annotée,non_annotée,810,2429,F,S,-2.0,155.0,0.21151966829578214,1,-3.5999999999999996,
4,région non annotée,non_annotée,811,2433,H,Q,0.0,24.0,0.7310585786300049,1,-0.2999999999999998,
4,région non annotée,non_annotée,812,2434,P,S,-1.0,74.0,0.5,2,0.8,proline_perdue
4,région non annotée,non_annotée,823,2467,P,S,-1.0,74.0,0.23905003288236595,2,0.8,proline_perdue
4,région non annotée,non_annotée,828,2482,S,P,-1.0,74.0,0.2384329058848583,1,-0.8,
4,région non annotée,non_annotée,833,2498,*,L,-4.0,0.0,0.011658416554833108,2,3.8,stop_perdu
5,région non annotée,non_annotée,4,12,L,L,0.0,0.0,1.0,-1,0.0,
5,région non annotée,non_annotée,16,47,L,P,-3.0,98.0,0.09465610272894266,1,-5.4,
5,région non annotée,non_annotée,27,79,C,S,-1.0,112.0,0.3471526025407285,2,-3.3,cysteine_perdue
5,région non annotée,non_annotée,56,168,*,Y,-4.0,0.0,0.04742587317756678,2,-1.3,stop_perdu
5,région non annotée,non_annotée,63,187,S,T,1.0,58.0,0.7834209042318241,0,0.10000000000000009,
5,région non annotée,non_annotée,64,190,G,R,-2.0,125.0,0.2689414213699951,1,-4.1,glycine_perdue
5,région non annotée,non_annotée,82,246,L,L,0.0,0.0,1.0,-1,0.0,
5,région non annotée,non_annotée,84,251,V,A,0.0,64.0,0.7310585786300049,0,-2.4000000000000004,
5,région non annotée,non_annotée,107,321,S,S,0.0,0.0,1.0,-1,0.0,
5,région non annotée,non_annotée,112,336,Q,H,0.0,24.0,0.5949857935227716,1,0.2999999999999998,
5,région non annotée,non_annotée,117,350,C,S,-1.0,112.0,0.5,2,-3.3,cysteine_perdue
5,région non annotée,non_annotée,135,403,S,G,0.0,56.0,0.6133790784625258,1,0.4,
5,région non annotée,non_annotée,138,414,L,L,0.0,0.0,1.0,-1,0.0,
5,région non annotée,non_annotée,147,439,P,T,-1.0,38.0,0.32865254651727005,2,0.9000000000000001,proline_perdue
5,région non annotée,non_annotée,150,448,L,V,1.0,32.0,0.6713474534827301,0,0.40000000000000036,
5,région non annotée,non_annotée,152,454,G,R,-2.0,125.0,0.24766380113907163,1,-4.1,glycine_perdue
5,région non annotée,non_annotée,163,487,F,L,0.0,22.0,0.7310585786300049,1,1.0,
5,région non annotée,non_annotée,185,553,G,S,0.0,56.0,0.5910773940574547,1,-0.4,glycine_perdue
5,région non annotée,non_annotée,186,556,Q,K,1.0,53.0,0.8807970779778823,1,-0.3999999999999999,
5,région non annotée,non_annotée,187,561,D,D,0.0,0.0,1.0,-1,0.0,
5,région non annotée,non_annotée,206,617,R,H,0.0,29.0,0.7310585786300049,0,1.2999999999999998,
5,région non annotée,non_annotée,220,659,C,Y,-2.0,194.0,0.19085804424486547,2,-3.8,cysteine_perdue
5,région non annotée,non_annotée,243,728,P,Q,-1.0,76.0,0.47620845649861887,2,-1.9,proline_perdue
5,région non annotée,non_annotée,243,729,P,Q,-1.0,76.0,0.5,2,-1.9,proline_perdue
5,région non annotée,non_annotée,255,764,*,S,-4.0,0.0,0.0153995939605232,2,-0.8,"stop_perdu,accept_forcé"
5,région non annotée,non_annotée,255,765,*,S,-4.0,0.0,0.035033471787047334,2,-0.8,stop_perdu
5,région non annotée,non_annotée,256,767,Q,R,1.0,43.0,0.7086608250294356,1,-1.0,
5,région non annotée,non_annotée,265,793,G,S,0.0,56.0,0.38374461190192277,1,-0.4,glycine_perdue
5,région non annotée,non_annotée,266,798,A,A,0.0,0.0,1.0,-1,0.0,
5,région non annotée,non_annotée,277,830,Y,F,3.0,22.0,0.9305128857056638,0,4.1,
5,région non annotée,non_annotée,288,863,F,Y,3.0,22.0,0.9820137900379085,0,-4.1,
5,région non annotée,non_annotée,299,897,P,P,0.0,0.0,1.0,-1,0.0,
5,région non annotée,non_annotée,301,902,H,L,-3.0,99.0,0.08317269649392238,1,7.0,
5,région non annotée,non_annotée,306,916,R,G,-2.0,125.0,0.2689414213699951,1,4.1,
5,région non annotée,non_annotée,307,920,L,P,-3.0,98.0,0.09465610272894266,1,-5.4,
5,région non annotée,non_annotée,332,995,R,T,-1.0,71.0,0.32865254651727005,1,3.8,
5,région non annotée,non_annotée,340,1019,R,K,2.0,26.0,0.8021838885585817,0,0.6000000000000001,
5,région non annotée,non_annotée,346,1036,A,P,-1.0,27.0,0.2384329058848583,1,-3.4000000000000004,
5,région non annotée,non_annotée,359,1075,H,D,-1.0,81.0,0.44467194473763094,1,-0.2999999999999998,
5,région non annotée,non_annotée,366,1097,K,R,2.0,26.0,0.9525741268224334,0,-0.6000000000000001,
5,région non annotée,non_annotée,373,1118,R,K,2.0,26.0,0.9525741268224334,0,0.6000000000000001,
5,région non annotée,non_annotée,377,1131,P,P,0.0,0.0,1.0,-1,0.0,
5,région non annotée,non_annotée,386,1157,R,Q,1.0,43.0,0.8807970779778823,1,1.0,
5,région non annotée,non_annotée,388,1164,V,V,0.0,0.0,1.0,-1,0.0,
5,région non annotée,non_annotée,390,1168,R,G,-2.0,125.0,0.2689414213699951,1,4.1,
5,région non annotée,non_annotée,396,1187,G,A,0.0,60.0,0.46434632916602836,1,2.2,glycine_perdue
5,région non annotée,non_annotée,404,1212,E,D,2.0,45.0,0.9525741268224334,0,0.0,
5,région non annotée,non_annotée,408,1222,G,R,-2.0,125.0,0.24766380113907163,1,-4.1,glycine_perdue
5,région non annotée,non_annotée,421,1262,G,E,-2.0,98.0,0.2689414213699951,1,-3.1,glycine_perdue
5,région non annotée,non_annotée,426,1276,P,A,-1.0,27.0,0.25968257106667686,2,3.4000000000000004,proline_perdue
5,région non annotée,non_annotée,428,1283,*,S,-4.0,0.0,0.0153995939605232,2,-0.8,"stop_perdu,accept_forcé"
5,région non annotée,non_annotée,429,1286,K,R,2.0,26.0,0.9525741268224334,0,-0.6000000000000001,
5,région non annotée,non_annotée,431,1293,H,Q,0.0,24.0,0.7119270916606678,1,-0.2999999999999998,
5,région non annotée,non_annotée,450,1349,L,Q,-2.0,113.0,0.2506331947978063,1,-7.3,
5,région non annotée,non_annotée,452,1354,A,S,1.0,99.0,0.8807970779778823,1,-2.6,
5,région non annotée,non_annotée,456,1366,H,Y,2.0,83.0,0.927945856381436,1,1.9000000000000001,
5,région non annotée,non_annotée,460,1379,P,H,-2.0,77.0,0.2689414213699951,2,-1.6,proline_perdue
5,région non annotée,non_annotée,463,1388,F,S,-2.0,155.0,0.21151966829578214,1,-3.5999999999999996,
5,région non annotée,non_annotée,463,1389,F,S,-2.0,155.0,0.10359579090111538,1,-3.5999999999999996,
5,région non annotée,non_annotée,474,1420,I,L,2.0,5.0,0.8481288363433407,0,-0.7000000000000002,
5,région non annotée,non_annotée,489,1465,R,G,-2.0,125.0,0.14563801637576332,1,4.1,
5,région non annotée,non_annotée,489,1467,R,G,-2.0,125.0,0.12751884214227766,1,4.1,
5,région non annotée,non_annotée,496,1487,G,D,-1.0,94.0,0.44467194473763094,1,-3.1,glycine_perdue
5,région non annotée,non_annotée,500,1499,C,Y,-2.0,194.0,0.19085804424486547,2,-3.8,cysteine_perdue
5,région non annotée,non_annotée,509,1527,S,S,0.0,0.0,1.0,-1,0.0,
5,région non annotée,non_annotée,516,1547,F,Y,3.0,22.0,0.9722278252938079,0,-4.1,
5,région non annotée,non_annotée,516,1548,F,Y,3.0,22.0,0.9820137900379085,0,-4.1,
5,région non annotée,non_annotée,519,1556,F,Y,3.0,22.0,0.9722278252938079,0,-4.1,
5,région non annotée,non_annotée,541,1622,S,N,1.0,46.0,0.8807970779778823,0,-2.7,
5,région non annotée,non_annotée,549,1646,L,P,-3.0,98.0,0.04064870581608015,1,-5.4,
5,région non annotée,non_annotée,554,1662,Q,H,0.0,24.0,0.5949857935227716,1,0.2999999999999998,
5,région non annotée,non_annotée,557,1670,C,F,-2.0,205.0,0.2689414213699951,2,0.2999999999999998,cysteine_perdue
5,région non annotée,non_annotée,607,1820,L,W,-2.0,61.0,0.2689414213699951,1,-4.7,
5,région non annotée,non_annotée,614,1842,V,V,0.0,0.0,1.0,-1,0.0,
5,région non annotée,non_annotée,615,1843,P,S,-1.0,74.0,0.5,2,0.8,proline_perdue
5,région non annotée,non_annotée,617,1850,P,L,-3.0,98.0,0.11920292202211755,2,5.4,proline_perdue
5,région non annotée,non_annotée,620,1860,S,S,0.0,0.0,1.0,-1,0.0,
5,région non annotée,non_annotée,627,1879,Q,E,2.0,29.0,0.9525741268224334,1,0.0,
5,région non annotée,non_annotée,647,1940,C,Y,-2.0,194.0,0.19085804424486547,2,-3.8,cysteine_perdue
5,région non annotée,non_annotée,650,1948,T,A,0.0,58.0,0.7310585786300049,1,2.5,
5,région non annotée,non_annotée,670,2008,F,L,0.0,22.0,0.6456563062257954,1,1.0,
5,région non annotée,non_annotée,676,2027,M,K,-1.0,95.0,0.16798161486607552,1,-5.8,
5,région non annotée,non_annotée,699,2097,F,F,0.0,0.0,1.0,-1,0.0,
5,région non annotée,non_annotée,704,2111,T,S,1.0,58.0,0.628623419215673,0,-0.10000000000000009,
5,région non annotée,non_annotée,705,2115,G,G,0.0,0.0,1.0,-1,0.0,
5,région non annotée,non_annotée,711,2131,Q,E,2.0,29.0,0.9525741268224334,1,0.0,
5,région non annotée,non_annotée,713,2138,G,A,0.0,60.0,0.46434632916602836,1,2.2,glycine_perdue
5,région non annotée,non_annotée,714,2141,V,A,0.0,64.0,0.48809748716232637,0,-2.4000000000000004,
5,région non annotée,non_annotée,720,2159,G,A,0.0,60.0,0.7310585786300049,1,2.2,glycine_perdue
5,région non annotée,non_annotée,736,2206,L,I,2.0,5.0,0.9525741268224334,0,0.7000000000000002,
5,région non annotée,non_annotée,743,2228,R,K,2.0,26.0,0.8021838885585817,0,0.6000000000000001,
5,région non annotée,non_annotée,754,2260,M,V,1.0,21.0,0.75820382759259,0,2.3000000000000003,
5,région non annotée,non_annotée,757,2269,R,R,0.0,0.0,1.0,-1,0.0,
5,région non annotée,non_annotée,760,2280,V,V,0.0,0.0,1.0,-1,0.0,
5,région non annotée,non_annotée,781,2342,L,R,-2.0,102.0,0.0585369028743679,1,-8.3,
5,région non annotée,non_annotée,793,2378,R,H,0.0,29.0,0.5949857935227716,0,1.2999999999999998,
5,région non annotée,non_annotée,796,2386,G,R,-2.0,125.0,0.2689414213699951,1,-4.1,glycine_perdue
5,région non annotée,non_annotée,811,2432,H,P,-2.0,77.0,0.22130725491884337,1,1.6,
5,région non annotée,non_annotée,833,2497,*,E,-4.0,0.0,0.04175303741758192,2,-3.5,stop_perdu
5,région non annotée,non_annotée,836,2508,A,A,0.0,0.0,1.0,-1,0.0,
